ID,Fractal,BVD
0107_OD,1.74353672963592,0.326758218273892
